ID,Dein Artist Name,Stage,Playtime,day,start_time,end_time
2595,Rafush,Schlupfloch,"Friday night to Saturday morning, 14.08/15.08, 01:30 - 03:30",Friday,01:30,03:30
2599,Krumelur,Waldtraut,"Friday, 14.08.2026, 20:30 - 22:30",Friday,20:30,22:30
2603,Val Vashar,Waldtraut,"Saturday, 15.08.2026, 18:00 - 20:00",Saturday,18:00,20:00
2695,Dj Goodboy,Schlupfloch,"Friday night to Saturday morning, 14.08/15.08, 01:30 - 03:30",Friday,01:30,03:30
2697,Neurolabz,Waldtraut,"Friday night to Saturday morning, 14.08/15.08, 22:30 - 00:00",Friday,22:30,00:00
2717,HypoGeo,Waldtraut,"Saturday night to Sunday morning, 15.08/16.08, 22:00 - 00:00",Saturday,22:00,00:00
2717,HypoGeo,Waldtraut,"Sunday, 16.08.2026, 15:30 - 16:30",Sunday,15:30,16:30
2721,Electrypnose,Waldtraut,"Sunday, 16.08.2026, 20.00 - 22:00",Sunday,20:00,22:00
2759,Naias,Waldtraut,"Sunday, 16.08.2026, 08:00 - 10:00",Sunday,08:00,10:00
2761,Kasadelica,Waldtraut,"Sunday, 16.08.2026, 18:30 - 20:00",Sunday,18:30,20:00
2775,Creepy Deep,Waldtraut,"Saturday night to Sunday morning, 15.08/16.08, 04:00 - 06:00",Saturday,04:00,06:00
2829,Lara Schick,Unterholz,"Saturday night to Sunday morning, 15.08/16.08, 05:30 - 07:30",Saturday,05:30,07:30
2833,Maria Theresia von Eberg,Unterholz,"Friday night to Saturday morning, 14.08/15.08, 22:30 - 00:30",Friday,22:30,00:30
2839,Elisa Elisa,Mirage,"Saturday night to Sunday morning, 15.08/16.08, 02:00 - 04:30",Saturday,02:00,04:30
2841,ele & aal,Unterholz,"Sunday, 16.08.2026, 12:30 - 13:30",Sunday,12:30,13:30
2845,Najesh & Artišoko,Unterholz,"Friday night to Saturday morning, 14.08/15.08, 04:00 - 06:30",Friday,04:00,06:30
2873,Moritz Butschek,Seeblick,"Thursday night to Friday morning, 13.08/14.08, 23:00 - 01:00",Thursday,23:00,01:00
2887,DAS GÜNTHER,Neustockland,"Friday, 14.08.2026, 21:30 - 22:30",Friday,21:30,22:30
2889,JPATTERSSON,Seeblick,"Saturday, 15.08.2026, 18:30 - 19:30",Saturday,18:30,19:30
2891,Grandmoflash,Neustockland,"Friday, 14.08.2026, 13:00 - 16:00",Friday,13:00,16:00
2893,Rakäthe,Mirage,"Monday, 17.08.2026, 06:30 - 09:00",Monday,06:30,09:00
2895,MIDICONFUSION,Neustockland,"Friday, 14.08.2026, 17:00 - 18:00",Friday,17:00,18:00
2897,rampue,Unterholz,"Sunday, 16.08.2026, 21:00 - 22:00",Sunday,21:00,22:00
2905,Caleessi&Kreis,Mirage,"Friday night to Saturday morning, 14.08/15.08, 01:00 - 04:00",Friday,01:00,04:00
2907,Maik Gyver,Neustockland,"Sunday night to Monday morning, 16.08/17.08, 23:00 - 01:30",Sunday,23:00,01:30
2909,Qualia Trax,Strandflitzer,"Sunday, 16.08.2026, 14:00 - 16:00",Sunday,14:00,16:00
2911,Kon Faber,Mirage,"Sunday, 16.08.2026, 20:00 - 21:30",Sunday,20:00,21:30
2919,Antaares,Unterholz,"Sunday, 16.08.2026, 17:30 - 19:00",Sunday,17:30,19:00
2923,Jama,Neustockland,"Sunday, 16.08.2026, 18:00 - 22:00",Sunday,18:00,22:00
2925,Gebrömmel,Schweißperle,"Saturday, 15.08.2026, 21:30 - 23:30",Saturday,21:30,23:30
2927,Mika Dutsch,Unterholz,"Sunday, 16.08.2026, 07:30 - 10:00",Sunday,07:30,10:00
2929,musikalienparade,Schweißperle,"Saturday, 15.08.2026, 19:30 - 21:30",Saturday,19:30,21:30
2931,Soela,Unterholz,"Saturday night to Sunday morning, 15.08/16.08, 02:00 - 04:30",Saturday,02:00,04:30
2933,Marliblue & Sofyah,Unterholz,"Saturday, 15.08.2026, 06:30 - 09:00",Saturday,06:30,09:00
2935,Popsie Koch,Schweißperle,"Thursday, 13.08.2026, 16:00 - 19:00",Thursday,16:00,19:00
2937,RICHIE HAWTIN,Porto Loco,"Sunday, 16.08.2026, 20:00 - 22:00",Sunday,20:00,22:00
2939,Arnau Yuna,Schweißperle,"Friday, 14.08.2026, 15:00 - 17:00",Friday,15:00,17:00
2941,Kahl & Kæmena /w César B.,Schweißperle,"Thursday night to Friday morning, 13.08/14.08, 23:30 - 01:00",Thursday,23:30,01:00
2943,NVANCE,Schweißperle,"Friday, 14.08.2026, 22:00 - 23:00",Friday,22:00,23:00
2945,Thujan,Schweißperle,"Thursday, 13.08.2026, 22:00 - 23:00",Thursday,22:00,23:00
2953,Cioz,Mirage,"Friday night to Saturday morning, 14.08/15.08, 04:00 - 06:00",Friday,04:00,06:00
2955,CALABASA,Mirage,"Sunday night to Monday morning, 16.08/17.08, 01:30 - 04:00",Sunday,01:30,04:00
2957,The Jakob Sister,Neustockland,"Saturday night to Sunday morning, 15.08/16.08, 00:30 - 02:30",Saturday,00:30,02:30
2959,Lil' Lil',Neustockland,"Saturday, 15.08.2026, 22:00 - 22:30",Saturday,22:00,22:30
2961,Sabu!,Neustockland,"Saturday night to Sunday morning, 15.08/16.08, 04:30 - 06:30",Saturday,04:30,06:30
2963,Local Suicide,Mirage,"Thursday night to Friday morning, 13.08/14.08, 22:00 - 00:00",Thursday,22:00,00:00
2965,anima,Mirage,"Sunday night to Monday morning, 16.08/17.08, 04:00 - 06:30",Sunday,04:00,06:30
2967,RaverPik,Neustockland,"Saturday night to Sunday morning, 15.08/16.08, 02:30 - 04:30",Saturday,02:30,04:30
2969,Innellea,Atlantis,"Saturday night to Sunday morning, 15.08/16.08, 02:30 - 05:00",Saturday,02:30,05:00
3013,SHKOON,Seeblick,"Saturday, 15.08.2026, 20:00 - 21:30",Saturday,20:00,21:30
3015,Rafael Cerato,Atlantis,"Saturday night to Sunday morning, 15.08/16.08, 22:30 - 00:30",Saturday,22:30,00:30
3017,Annett Gapstream,Atlantis,"Sunday, 16.08.2026, 16:30 - 18:30",Sunday,16:30,18:30
3019,Mattmosphere b2b Amapola,Schweißperle,"Sunday, 16.08.2026, 17:00 - 20:00",Sunday,17:00,20:00
3021,Adri Tüde & The Bille,Neustockland,"Friday night to Saturday morning, 14.08/15.08, 23:00 - 02:00",Friday,23:00,02:00
3025,Jessovski,Neustockland,"Saturday, 15.08.2026, 21:00 - 21:30",Saturday,21:00,21:30
3027,junoia,Stroboklo,"Sunday, 16.08.2026, 06:00 - 08:00",Sunday,06:00,08:00
3029,Daniel Dahlmann,Neustockland,"Sunday night to Monday morning, 16.08/17.08, 03:30 - 06:00",Sunday,03:30,06:00
3031,JoMa Beton,Neustockland,"Friday night to Saturday morning, 14.08/15.08, 02:00 - 04:00",Friday,02:00,04:00
3033,Steppo,Neustockland,"Saturday, 15.08.2026, 14:00 - 16:00",Saturday,14:00,16:00
3035,ELIF,Atlantis,"Friday, 14.08.2026, 19:30 - 21:30",Friday,19:30,21:30
3037,Alexskyspirit,Waldtraut,"Friday night to Saturday morning, 14.08/15.08, 01:30 - 03:30",Friday,01:30,03:30
3039,Bayawaka vs Golanski,Waldtraut,"Saturday, 15.08.2026, 15:00 - 18:00",Saturday,15:00,18:00
3041,Vittjas Tief,Waldtraut,"Friday night to Saturday morning, 14.08/15.08, 03:30 - 06:30",Friday,03:30,06:30
3043,SACID,Stroboklo,"Sunday night to Monday morning, 16.08/17.08, 22:30 - 01:00",Sunday,22:30,01:00
3045,Victor Danta,Schweißperle,"Saturday night to Sunday morning, 15.08/16.08, 23:30 - 01:00",Saturday,23:30,01:00
3047,Solar Kid,Waldtraut,"Sunday, 16.08.2026, 12:00 - 14:00",Sunday,12:00,14:00
3049,Tenvin,Atlantis,"Saturday, 15.08.2026, 15:00 - 17:00",Saturday,15:00,17:00
3051,Harry Nipples,Mirage,"Thursday, 13.08.2026, 20:00 - 22:00",Thursday,20:00,22:00
3055,InDeLa,Schweißperle,"Sunday, 16.08.2026, 20:00 - 21:30",Sunday,20:00,21:30
3057,TECHNOCALOR,Schweißperle,"Sunday, 16.08.2026, 21:30 - 23:00",Sunday,21:30,23:00
3059,Rhabia,Waldtraut,"Sunday, 16.08.2026, 10:00 - 12:00",Sunday,10:00,12:00
3061,DAS MAER,Neustockland,"Friday, 14.08.2026, 20:00 - 21:00",Friday,20:00,21:00
3063,ciao 3lla,Atlantis,"Friday, 14.08.2026, 16:00 - 18:00",Friday,16:00,18:00
3065,Sutsche,Unterholz,"Sunday 17.08, 10:00 - 12:30",Sunday,10:00,12:30
3067,The Vulvaa Power Show,Mirage,"Saturday, 15.08.2026, 15:00 - 17:00",Saturday,15:00,17:00
3071,LENI,Mirage,"Sunday night to Monday morning, 16.08/17.08, 04:00 - 06:30",Sunday,04:00,06:30
3075,Holly North,Atlantis,"Friday, 14.08.2026, 18:00 - 19:30",Friday,18:00,19:30
3079,Florian Msk,Waldtraut,"Friday night to Saturday morning, 14.08/15.08, 00:00 - 01:30",Friday,00:00,01:30
3083,UREM,Atlantis,"Friday night to Saturday morning, 14.08/15.08, 05:00 - 07:00",Friday,05:00,07:00
3085,Juli Lee,Mirage,"Thursday, 13.08.2026, 19:00 - 21:00",Thursday,19:00,21:00
3087,Satori,Atlantis,"Sunday, 16.08.2026, 20:30 - 22:00",Sunday,20:30,22:00
3089,Baerbel,Porto Loco,"Saturday, 15.08.2026, 17:30 - 19:30",Saturday,17:30,19:30
3091,Britta Arnold,Porto Loco,"Friday, 14.08.2026, 17:30 - 19:30",Friday,17:30,19:30
3093,Pilar Jordan,Schlupfloch,"Friday, 14.08.2026, 18:00 - 20:00",Friday,18:00,20:00
3105,bīsubisou,Schlupfloch,"Saturday night to Sunday morning, 15.08/16.08, 04:00 - 06:00",Saturday,04:00,06:00
3107,Len Faki,Porto Loco,"Friday night to Saturday morning, 14.08/15.08, 23:30 - 02:00",Friday,23:30,02:00
3109,Slaymira,Neustockland,"Saturday, 15.08.2026, 14:00 - 16:00",Saturday,14:00,16:00
3111,DJ RED,Porto Loco,"Friday night to Saturday morning, 14.08/15.08, 03:00 - 05:00",Friday,03:00,05:00
3113,Roman Flügel,Porto Loco,"Friday, 14.08.2026, 19:30 - 21:30",Friday,19:30,21:30
3115,FINCA AMOUR,Atlantis,"Sunday, 16.08.2026, 18:30 - 20:30",Sunday,18:30,20:30
3117,Mira,Mirage,"Thursday night to Friday morning, 13.08/14.08, 21:00 - 00:00",Thursday,21:00,00:00
3119,Cassy,Schlupfloch,"Saturday night to Sunday morning, 15.08/16.08, 00:00 - 02:00",Saturday,00:00,02:00
3121,SENU,Schlupfloch,"Saturday, 15.08.2026, 20:00 - 22:00",Saturday,20:00,22:00
3135,Amaliah,Schlupfloch,"Saturday night to Sunday morning, 15.08/16.08, 22:00 - 00:00",Saturday,22:00,00:00
3153,Chris Schwarzwälder,Unterholz,"Friday, 14.08.2026, 16:00 - 18:30",Friday,16:00,18:30
3155,Laaar,Unterholz,"Saturday, 15.08.2026, 11:00 - 12:30",Saturday,11:00,12:30
3159,K.EULE,Stroboklo,"Saturday night to Sunday morning, 15.08/16.08, 02:00 - 04:00",Saturday,02:00,04:00
3161,iorie,Unterholz,"Saturday, 15.08.2026, 16:30 - 18:00",Saturday,16:30,18:00
3163,FELGENTEUFEL,Stroboklo,"Sunday night to Monday morning, 16.08/17.08, 01:00 - 03:30",Sunday,01:00,03:30
3167,HOVR,Schweißperle,"Friday, 14.08.2026, 17:00 - 19:00",Friday,17:00,19:00
3171,Überhaupt & Außerdem,Unterholz,"Sunday night to Monday morning, 16.08/17.08, 23:00 - 00:00",Sunday,23:00,00:00
3173,Blame the Booker,Stroboklo,"Sunday night to Monday morning, 16.08/17.08, 03:30 - 06:00",Sunday,03:30,06:00
3175,Mila Stern,Porto Loco,"Saturday night to Sunday morning, 15.08/16.08, 02:30 - 04:30",Saturday,02:30,04:30
3179,Zombies In Miami,Schlupfloch,"Friday, 14.08.2026, 22:00 - 23:30",Friday,22:00,23:30
3181,Kaufmann,Porto Loco,"Saturday night to Sunday morning, 15.08/16.08, 04:30 - 07:00",Saturday,04:30,07:00
3183,jungspund,Unterholz,"Saturday, 15.08.2026, 14:30 - 16:30",Saturday,14:30,16:30
3185,Cris Kai,Schweißperle,"Sunday night to Monday morning, 16.08/17.08, 23:00 - 01:00",Sunday,23:00,01:00
3217,Cøral Negrø,Stroboklo,"Friday night to Saturday morning, 14.08/15.08, 04:00 - 06:00",Friday,04:00,06:00
3223,Pilocka Krach,Porto Loco,"Friday, 14.08.2026, 13:00 - 15:30",Friday,13:00,15:30
3227,Courtesy,Schlupfloch,"Friday night to Saturday morning, 14.08/15.08, 23:30 - 01:30",Friday,23:30,01:30
3229,Brigade,Schweißperle,"Friday, 14.08.2026, 19:00 - 21:00",Friday,19:00,21:00
3231,Katschinka,Unterholz,"Sunday, 16.08.2026, 13:30 - 15:30",Sunday,13:30,15:30
3233,R3NATA,Unterholz,"Friday, 14.08.2026, 20:30 - 22:30",Friday,20:30,22:30
3235,CHOMBA,Unterholz,"Saturday, 15.08.2026, 09:00 - 11:00",Saturday,09:00,11:00
3237,😜(Unauffinbar),Neustockland,"Saturday, 15.08.2026, 17:30 - 19:30",Saturday,17:30,19:30
3239,Wolle XDP,Stroboklo,"Friday night to Saturday morning, 14.08/15.08, 00:00 - 02:00",Friday,00:00,02:00
3241,ÉLAA,Unterholz,"Saturday, 15.08.2026, 12:30 - 14:30",Saturday,12:30,14:30
3243,Hanna Baertig,Stroboklo,"Sunday, 16.08.2026, 18:00 - 20:00",Sunday,18:00,20:00
3245,Christian Löffler,Atlantis,"Sunday, 16.08.2026, 15:00 - 16:30",Sunday,15:00,16:30
3247,KLAUDIA,Unterholz,"Friday night to Saturday morning, 14.08/15.08, 02:00 - 04:00",Friday,30.12.1899,30.12.1899
3249,mari.ama,Schweißperle,,,,
3277,Haensen&Gretel,Atlantis,"Sunday, 16.08.2026, 12:00 - 15:00",Sunday,12:00,15:00
3281,Faul & Spaeth,Unterholz,"Saturday, 15.08.2026, 20:00 - 21:00",Saturday,20:00,21:00
3283,Mamoré,Strandflitzer,"Sunday, 16.08.2026, 21:00 - 22:00",Sunday,21:00,22:00
3287,Kuestenklatsch,Neustockland,"Sunday, 16.08.2026, 15:30 - 18:00",Sunday,15:30,18:00
3289,massin attack,Zirkus Mond,"Thursday, 13.08.2026, 16:30 - 18:30",Thursday,16:30,18:30
3291,Johannes Albert,Strandflitzer,"Thursday night to Friday morning, 13.08/14.08, 01:00 - 03:00",Thursday,01:00,03:00
3293,Carlo Bonanza,Strandflitzer,"Thursday night to Friday morning, 13.08/14.08, 23:00 - 01:00",Thursday,23:00,01:00
3295,Lueking,Zirkus Mond,"Sunday, 16.08.2026, 16:00 - 19:30",Sunday,16:00,19:30
3297,Hanna Baertig,Stroboklo,"Sunday, 16.08.2026, 18:00 - 20:00",Sunday,18:00,20:00
3299,pixxi,Neustockland,"Saturday, 15.08.2026, 20:00 - 20:30",Saturday,20:00,20:30
3301,Slurm McKenzie,Neustockland,"Sunday night to Monday morning, 16.08/17.08, 01:30 - 03:30",Sunday,01:30,03:30
3303,musikalienparade,Schweißperle,"Saturday, 15.08.2026, 19:30 - 21:30",Saturday,19:30,21:30
3305,Franziska Frizzante,Strandflitzer,"Saturday, 15.08.2026, 20:00 - 22:00",Saturday,20:00,22:00
3307,kluntje,Strandflitzer,"Saturday night to Sunday morning, 15.08/16.08, 00:00 - 02:00",Saturday,00:00,02:00
3309,G4F4RØU & Zelyna je Belle,Stroboklo,"Saturday night to Sunday morning, 15.08/16.08, 04:00 - 06:00",Saturday,04:00,06:00
3311,maaje,Unterholz,"Saturday, 15.08.2026, 18:00 - 20:00",Saturday,18:00,20:00
3313,Mohii,Mirage,"Friday, 14.08.2026, 20:00 - 22:30",Friday,20:00,22:30
3315,Santi & Tugce,Seeblick,"Thursday, 13.08.2026, 21:00 - 22:30",Thursday,21:00,22:30
3317,Borella,Mirage,"Thursday night to Friday morning, 13.08/14.08, 00:00 - 02:30",Thursday,00:00,02:30
3319,Montezuma,Seeblick,"Thursday, 13.08.2026, 17:00 - 19:00",Thursday,17:00,19:00
3323,Sutsche,Unterholz,"Sunday 17.08, 10:00 - 12:30",Sunday,10:00,12:30
3325,Pacaya,Zirkus Mond,"Friday, 14.08.2026, 15:00 - 17:30",Friday,15:00,17:30
3327,wilson.solidarity,Neustockland,"Sunday, 16.08.2026, 13:30 - 15:30",Sunday,13:30,15:30
3329,Finnjamin & Hannesodersoo,Sektamt,"Sunday night to Monday morning, 16.08/17.08, 04:00 - 06:00",Sunday,04:00,06:00
3331,Rene Wise,Porto Loco,"Saturday night to Sunday morning, 15.08/16.08, 00:00 - 02:30",Saturday,00:00,02:30
3333,Ramona Wouters,Unterholz,"Saturday, 15.08.2026, 21:00 - 23:30",Saturday,21:00,23:30
3339,Kirubin (aka Antaares)  *live,Schweißperle,"Friday night to Saturday morning, 14.08/15.08, 23:00 - 01:00",Friday,23:00,01:00
3343,Marlies,Strandflitzer,"Thursday, 13.08.2026, 16:30 - 19:00",Thursday,16:30,19:00
3349,sin:port,Stroboklo,"Friday, 14.08.2026, 20:00 - 22:00",Friday,20:00,22:00
3351,Maurice Mino,Seeblick,"Thursday night to Friday morning, 13.08/14.08, 03:00 - 05:00",Thursday,03:00,05:00
3353,Havali Sergec,Stroboklo,"Friday, 14.08.2026, 18:00 - 20:00",Friday,18:00,20:00
3361,Ligal Tamir,Strandflitzer,"Friday, 14.08.2026, 20:00 - 22:00",Friday,20:00,22:00
3363,W.I.R Killing Zoe b2b Charon Styx,Stroboklo,"Sunday, 16.08.2026, 16:00 - 18:00",Sunday,16:00,18:00
3365,Heimlich Knüller,Mirage,"Sunday, 16.08.2026, 15:00 - 18:00",Sunday,15:00,18:00
3367,Fog Puma,Schweißperle,"Thursday, 13.08.2026, 19:00 - 22:00",Thursday,19:00,22:00
3369,Perera Elsewhere,Mirage,"Saturday, 15.08.2026, 19:00 - 21:00",Saturday,19:00,21:00
3373,lisa luka,Schlupfloch,"Sunday, 16.08.2026, 18:00 - 20:00",Sunday,18:00,20:00
3379,DJ EarWormLoop,Schweißperle,"Sunday night to Monday morning, 16.08/17.08, 01:00 - 03:00",Sunday,01:00,03:00
3393,Poppy,Strandflitzer,"Friday night to Saturday morning, 14.08/15.08, 22:00 - 00:00",Friday,22:00,00:00
3397,Maltitz,Strandflitzer,"Thursday, 13.08.2026, 21:00 - 23:00",Thursday,21:00,23:00
3399,EDE,Atlantis,"Friday, 14.08.2026, 14:00 - 16:00",Friday,14:00,16:00
3403,Bukka & U:WE,Schlupfloch,"Saturday, 15.08.2026, 12:00 - 14:00",Saturday,12:00,14:00
3405,Priori,Porto Loco,"Friday, 14.08.2026, 21:30 - 23:30",Friday,21:30,23:30
3407,Whrikk,Waldtraut,"Sunday, 16.08.2026, 06:00 - 08:00",Sunday,06:00,08:00
3409,Kotoe Karasawa,Schlupfloch,"Sunday, 16.08.2026, 06:00 - 08:00",Sunday,06:00,08:00
3411,Kotiēr,Atlantis,"Saturday, 15.08.2026, 17:00 - 19:00",Saturday,17:00,19:00
3413,NAKED,Schweißperle,"Friday, 14.08.2026, 15:00 - 19:00",Friday,15:00,19:00
3419,Blasha & Allatt,Porto Loco,"Saturday night to Sunday morning, 15.08/16.08, 22:00 - 00:00",Saturday,22:00,00:00
3423,Damian.Thorn,Schlupfloch,"Friday night to Saturday morning, 14.08/15.08, 03:30 - 05:30",Friday,03:30,05:30
3429,Raoul,Waldtraut,"Sunday, 16.08.2026, 16:30 - 18:30",Sunday,16:30,18:30
3433,Pacaya,Zirkus Mond,"Friday, 14.08.2026, 15:00 - 17:30",Friday,15:00,17:30
3435,Roman Adam,Porto Loco,"Saturday, 15.08.2026, 19:30 - 22:00",Saturday,19:30,22:00
3437,Daniel Hauser,Strandflitzer,"Saturday, 15.08.2026, 18:00 - 20:00",Saturday,18:00,20:00
3439,EaAruru,Waldtraut,"Friday, 14.08.2026, 18:30 - 20:30",Friday,18:30,20:30
3441,Patryk Molinari,Schlupfloch,"Saturday, 15.08.2026, 14:00 - 16:00",Saturday,14:00,16:00
3443,SINAMIN,Schlupfloch,"Sunday, 16.08.2026, 13:00 - 16:00",Sunday,13:00,16:00
3445,DJ Norma b2b Greta Spark,Schlupfloch,"Saturday, 15.08.2026, 18:00 - 20:00",Saturday,18:00,20:00
3447,MigraKid (b2b Xima),Strandflitzer,"Friday, 14.08.2026, 18:00 - 20:00",Friday,18:00,20:00
3449,Nasty Grooves,Strandflitzer,"Friday night to Saturday morning, 14.08/15.08, 00:00 - 02:00",Friday,00:00,02:00
3451,FishEye,Waldtraut,"Sunday, 16.08.2026, 20:00 - 22:00",Sunday,20:00,22:00
3453,JUSTICE (DE),Porto Loco,"Saturday, 15.08.2026, 17:30 - 19:30",Saturday,17:30,19:30
3455,Xima (b2b MigraKid),Strandflitzer,"Friday, 14.08.2026, 18:00 - 20:00",Friday,18:00,20:00
3457,mimizan,Mirage,"Thursday night to Friday morning, 13.08/14.08, 02:30 - 05:00",Thursday,02:30,05:00
3467,Noy Ära,Mirage,"Saturday, 15.08.2026, 21:30 - 23:30",Saturday,21:30,23:30
3469,bebibelli,Strandflitzer,"Saturday night to Sunday morning, 15.08/16.08, 22:00 - 00:00",Saturday,22:00,00:00
3471,Angel Lagoon,Strandflitzer,"Thursday, 13.08.2026, 14:30 - 16:30",Thursday,14:30,16:30
3475,Bonnie Spacey,Atlantis,"Friday, 14.08.2026, 12:00 - 14:00",Friday,12:00,14:00
3477,Beccolores,Stroboklo,"Saturday, 15.08.2026, 18:00 - 20:00",Saturday,18:00,20:00
3479,Alko,Mirage,"Saturday night to Sunday morning, 15.08/16.08, 05:30 - 08:00",Saturday,05:30,08:00
3481,Hannes Turm,Stroboklo,"Saturday night to Sunday morning, 15.08/16.08, 22:00 - 00:00",Saturday,22:00,00:00
3483,Julita Just,Strandflitzer,"Sunday, 16.08.2026, 18:30 - 20:30",Sunday,18:30,20:30
3485,Henri Bergmann,Atlantis,"Friday night to Saturday morning, 14.08/15.08, 01:00 - 03:00",Friday,01:00,03:00
3487,mirella,Strandflitzer,"Thursday, 13.08.2026, 12:00 - 14:30",Thursday,12:00,14:30
3489,Apolonia,Porto Loco,"Friday, 14.08.2026, 15:30 - 17:30",Friday,15:30,17:30
3495,Zweistein,Zirkus Mond,"Thursday night to Friday morning, 13.08/14.08, 01:00 - 04:00",Thursday,01:00,04:00
3499,Oliver Koletzki,Atlantis,"Friday night to Saturday morning, 14.08/15.08, 03:00 - 05:00",Friday,03:00,05:00
3501,rømengo.,Strandflitzer,"Saturday, 15.08.2026, 14:00 - 16:00",Saturday,14:00,16:00
3503,Frida Darko,Atlantis,"Friday night to Saturday morning, 14.08/15.08, 03:00 - 05:00",Friday,03:00,05:00
3505,Kalipo,Zirkus Mond,"Sunday, 16.08.2026, 21:30 - 23:00",Sunday,21:30,23:00
3507,Adomani b2b Edmundo,Stroboklo,"Saturday, 15.08.2026, 20:00 - 22:00",Saturday,20:00,22:00
3509,Jul,Strandflitzer,"Friday, 14.08.2026, 14:00 - 16:00",Friday,14:00,16:00
3511,Sarah Wild,Schlupfloch,"Sunday, 16.08.2026, 16:00 - 18:00",Sunday,16:00,18:00
3513,Elizen the Emperor,Mirage,"Sunday, 16.08.2026, 18:00 - 20:00",Sunday,18:00,20:00
3515,Bonnie Ford,Porto Loco,"Sunday, 16.08.2026, 14:00 - 16:00",Sunday,14:00,16:00
3517,Dirty Amore & Dark Disco Engine (Hybrid Live Act),Neustockland,"Sunday, 16.08.2026, 11:00 - 13:30",Sunday,11:00,13:30
3519,Ronn Andy,Schlupfloch,"Saturday, 15.08.2026, 16:00 - 18:00",Saturday,16:00,18:00
3521,KALEA,Sektamt,"Friday, 14.08.2026, 16:00 - 18:00",Friday,16:00,18:00
3523,ZuendHoelzl,Sektamt,"Saturday night to Sunday morning, 15.08/16.08, 04:00 - 06:00",Saturday,04:00,06:00
3525,Tobi Teilzeit,Stroboklo,"Saturday, 15.08.2026, 06:00 - 08:00",Saturday,06:00,08:00
3527,Erobique,Seeblick,"Saturday, 15.08.2026, 22:00 - 23:00",Saturday,22:00,23:00
3529,Käthe&Haes,Strandflitzer,"Friday, 14.08.2026, 16:00 - 18:00",Friday,16:00,18:00
3531,Peet Flower,Sektamt,"Friday night to Saturday morning, 14.08/15.08, 22:00 - 00:00",Friday,22:00,00:00
3533,Jan Taubmann,Atlantis,"Saturday night to Sunday morning, 15.08/16.08, 05:00 - 07:00",Saturday,05:00,07:00
3535,menty b. (2 Girls 1 Club),Schlupfloch,"Sunday, 16.08.2026, 20:00 - 22:00",Sunday,20:00,22:00
3543,LIZZN,Sektamt,"Saturday, 15.08.2026, 18:00 - 20:00",Saturday,18:00,20:00
3545,EIK,Sektamt,"Saturday night to Sunday morning, 15.08/16.08, 00:00 - 02:00",Saturday,00:00,02:00
3549,Franz Scala,Strandflitzer,"Thursday, 13.08.2026, 19:00 - 21:00",Thursday,19:00,21:00
3551,Hot Oasis,Mirage,"Friday night to Saturday morning, 14.08/15.08, 22:30 - 01:00",Friday,22:30,01:00
3553,DJ ZBB,Strandflitzer,"Sunday, 16.08.2026, 16:00 - 18:30",Sunday,16:00,18:30
3555,Bombata,Sektamt,"Saturday, 15.08.2026, 20:00 - 22:00",Saturday,20:00,22:00
3559,Horst Haller,Seeblick,"Saturday night to Sunday morning, 15.08/16.08, 23:30 - 02:30",Saturday,23:30,02:30
3561,Yulia Niko,Atlantis,"Saturday, 15.08.2026, 20:30 - 22:30",Saturday,20:30,22:30
3563,Lotte Ahoi,Strandflitzer,"Saturday, 15.08.2026, 16:00 - 18:00",Saturday,16:00,18:00
3565,SILSAN,Stroboklo,"Friday night to Saturday morning, 14.08/15.08, 22:00 - 00:00",Friday,22:00,00:00
3567,Denis Horvat,Atlantis,"Friday night to Saturday morning, 14.08/15.08, 23:00 - 01:00",Friday,23:00,01:00
3569,Rochelle Baz,Mirage,"Saturday, 15.08.2026, 17:00 - 19:00",Saturday,17:00,19:00
3571,Rudi Nhocane,Zirkus Mond,"Saturday, 15.08.2026, 16:00 - 17:00",Saturday,16:00,17:00
3575,AP Solis,Unterholz,"Friday, 14.08.2026, 18:30 - 20:30",Friday,18:30,20:30
3577,CAJOUX,Zirkus Mond,"Saturday, 15.08.2026, 15:00 - 16:00",Saturday,15:00,16:00
3579,Ponybarker,Zirkus Mond,"Thursday night to Friday morning, 13.08/14.08, 22:30 - 01:00",Thursday,22:30,01:00
3581,Pauli Pocket,Seeblick,"Thursday night to Friday morning, 13.08/14.08, 01:00 - 03:00",Thursday,01:00,03:00
3583,BenBorn,Unterholz,"Sunday, 16.08.2026, 15:30 - 17:30",Sunday,15:30,17:30
3585,Adomani b2b Edmundo,Stroboklo,"Saturday, 15.08.2026, 20:00 - 22:00",Saturday,20:00,22:00
3587,dwig,Unterholz,"Saturday night to Sunday morning, 15.08/16.08, 00:30 - 02:00",Saturday,00:30,02:00
3589,serene & philosofiesta,Unterholz,"Sunday night to Monday morning, 16.08/17.08, 00:00 - 02:30",Sunday,00:00,02:30
3591,MUZUNGOU,Sektamt,"Friday, 14.08.2026, 20:00 - 22:00",Friday,20:00,22:00
3593,Mosley Jr,Unterholz,"Saturday night to Sunday morning, 15.08/16.08, 23:30 - 00:30",Saturday,23:30,00:30
3595,Kahl & Kæmena /w César B.,Schweißperle,"Thursday night to Friday morning, 13.08/14.08, 23:30 - 01:00",Thursday,23:30,01:00
3597,Flieder,Unterholz,"Saturday night to Sunday morning, 15.08/16.08, 04:30 - 05:30",Saturday,04:30,05:30
3599,Surreal,Waldtraut,"Sunday, 16.08.2026, 12:00 - 14:00",Sunday,12:00,14:00
3601,Pan,Unterholz,"Sunday, 16.08.2026, 15:30 - 17:30",Sunday,15:30,17:30
3603,Emma Keks und Stephan Licha,Sektamt,"Friday night to Saturday morning, 14.08/15.08, 02:00 - 04:00",Friday,02:00,04:00
3605,Lisa Filou,Schlupfloch,"Sunday, 16.08.2026, 08:00 - 10:00",Sunday,08:00,10:00
3609,Sarah4k,Neustockland,"Saturday night to Sunday morning, 15.08/16.08, 23:00 - 00:00",Saturday,23:00,00:00
3615,Stoerenfred,Neustockland,"Saturday night to Sunday morning, 15.08/16.08, 02:00 - 04:30",Saturday,02:00,04:30
3617,Yetti Meissner,Stroboklo,"Saturday night to Sunday morning, 15.08/16.08, 00:00 - 02:00",Saturday,00:00,02:00
3619,Wa22ermann,Seeblick,"Thursday, 13.08.2026, 19:30 - 20:30",Thursday,19:30,20:30
3621,Dakz,Porto Loco,"Sunday, 16.08.2026, 16:00 - 18:00",Sunday,16:00,18:00
3623,Fluoelf,Waldtraut,"Saturday night to Sunday morning, 15.08/16.08, 02:00 - 04:00",Saturday,02:00,04:00
3625,KEENE,Schlupfloch,"Friday, 14.08.2026, 15:00 - 18:00",Friday,15:00,18:00
3627,Andreas Rauscher,Porto Loco,"Sunday, 16.08.2026, 12:00 - 14:00",Sunday,12:00,14:00
3629,SAHRA BASS,Zirkus Mond,"Sunday night to Monday morning, 16.08/17.08, 23:00 - 01:00",Sunday,23:00,01:00
3631,goldie,Schlupfloch,"Friday, 14.08.2026, 20:00 - 22:00",Friday,20:00,22:00
3633,Kallé,Sektamt,"Friday night to Saturday morning, 14.08/15.08, 00:00 - 02:00",Friday,00:00,02:00
3635,Gahara,Waldtraut,"Saturday night to Sunday morning, 15.08/16.08, 00:00 - 02:00",Saturday,00:00,02:00
3637,TILDA,Waldtraut,"Sunday night to Monday morning, 16.08/17.08, 01:00 - 02:30",Sunday,01:00,02:30
3639,Phara,Porto Loco,"Friday night to Saturday morning, 14.08/15.08, 02:00 - 03:00",Friday,02:00,03:00
3641,face*,Porto Loco,"Friday night to Saturday morning, 14.08/15.08, 05:00 - 07:00",Friday,05:00,07:00
3643,Quantic Devices,Waldtraut,"Sunday, 16.08.2026, 14:00 - 15:30",Sunday,14:00,15:30
3647,Alina Viktoria,Stroboklo,"Sunday, 16.08.2026, 20:00 - 22:00",Sunday,20:00,22:00
3649,dj buona sara,Neustockland,"Sunday, 16.08.2026, 06:30 - 09:00",Sunday,06:30,09:00
3651,tibitrap,Zirkus Mond,"Saturday, 15.08.2026, 17:00 - 18:00",Saturday,17:00,18:00
3653,PEREZ PAPI,Zirkus Mond,"Saturday night to Sunday morning, 15.08/16.08, 00:00 - 01:00",Saturday,00:00,01:00
3655,Lucy Love und die Andere,Neustockland,"Sunday, 16.08.2026, 09:00 - 11:00",Sunday,09:00,11:00
3661,SASKiA SASSE,Neustockland,"Saturday, 15.08.2026, 06:00 - 08:00",Saturday,06:00,08:00
3663,Isabeau Fort,Mirage,"Sunday, 16.08.2026, 20:30 - 23:00",Sunday,20:30,23:00
3665,Saeko Killy,Mirage,"Thursday night to Friday morning, 13.08/14.08, 02:00 - 04:00",Thursday,02:00,04:00
3667,Stefan Vöst,Waldtraut,"Sunday night to Monday morning, 16.08/17.08, 23:00 - 01:00",Sunday,23:00,01:00
3669,Käpt'n 12 & Düsentrieb,Unterholz,"Sunday night to Monday morning, 16.08/17.08, 02:30 - 05:00",Sunday,02:30,05:00
3671,PARRA FOR CUVA,Atlantis,"Friday, 14.08.2026, 21:30 - 23:00",Friday,21:30,23:00
3673,Natascha Polké,Atlantis,"Saturday, 15.08.2026, 19:00 - 20:30",Saturday,19:00,20:30
3675,Ole Olsen,Stroboklo,"Saturday night to Sunday morning, 15.08/16.08, 02:00 - 04:00",Saturday,02:00,04:00
3677,Sarah Farina,Schlupfloch,"Saturday night to Sunday morning, 15.08/16.08, 02:00 - 04:00",Saturday,02:00,04:00
3679,Sheila,Waldtraut,"Friday, 14.08.2026, 16:00 - 18:30",Friday,16:00,18:30
3683,STEFFOO,Zirkus Mond,"Saturday night to Sunday morning, 15.08/16.08, 01:00 - 02:30",Saturday,01:00,02:30
3685,pixxi,Neustockland,"Saturday, 15.08.2026, 20:00 - 20:30",Saturday,20:00,20:30
3687,SkyVibes,Waldtraut,"Friday, 14.08.2026, 18:30 - 20:30",Friday,18:30,20:30
3689,OhOhOuzo,Sektamt,"Sunday night to Monday morning, 16.08/17.08, 02:00 - 04:00",Sunday,02:00,04:00
3691,Planfrei,Sektamt,"Friday, 14.08.2026, 18:00 - 20:00",Friday,18:00,20:00
3693,Vittjas Tief,Waldtraut,"Friday night to Saturday morning, 14.08/15.08, 03:30 - 06:30",Friday,03:30,06:30
3697,Nixe,Unterholz,"Sunday, 16.08.2026, 19:00 - 21:00",Sunday,19:00,21:00
3699,steve challier,Schlupfloch,"Sunday night to Monday morning, 16.08/17.08, 23:00 - 06:00",Sunday,23:00,06:00
3701,Robinson Schmuso,Zirkus Mond,"Friday, 14.08.2026, 17:30 - 19:30",Friday,30.12.1899,30.12.1899
3703,Maybe it's Nice,,,,,
3707,Frida Darko,Atlantis,"Friday night to Saturday morning, 14.08/15.08, 03:00 - 05:00",Friday,03:00,05:00
3709,RAFA,Schlupfloch,"Sunday, 16.08.2026, 23:00 - 06.00",Sunday,23:00,06:00
3711,Christopher lawrenz,Schlupfloch,"Sunday, 16.08.2026, 23:00 - 06.00",Sunday,23:00,06:00
3713,Hagel,Schlupfloch,"Sunday, 16.08.2026, 23:00 - 06.00",Sunday,23:00,06:00
3715,Prtcl,Zirkus Mond,"Friday night to Saturday morning, 14.08/15.08, 00:00 - 02:00",Friday,30.12.1899,30.12.1899
3717,Babestation,,,,,
3719,Paul Valentin,,,,,
3721,Mariybu,,,,,
3723,Derya Yildirim,,,,,
3725,Jiido,,,,,
3727,Riders Connection,,,,,
3729,Cosmic Dance Kitchen,,,,,
3731,Maria Theresia von Eberg,,,,,
3735,Dave Lewis,,,,,
3737,Von Spazier,,,,,
3739,heidiwitzka,,,,,
3747,Gina Scirocco,,,,,
3751,Atric,Porto Loco,"Saturday, 15.08.2026, 16.30 - 17.30",Saturday,30.12.1899,30.12.1899
3753,Floyd Lavine,,,,,
3755,Megatronic,,,,,
3757,The Naked Tea Party,,,,,
3759,The Naked Tea Party,,,,,
3761,Enzio Etchaberri & Tobi Dei & Niklaus Katzorke,,,,,
3763,Tina Tischler,,,,,
3769,Foolik,,,,,
3771,Voodoos and Taboos,,,,,
3773,Krumelur,,,,,
3781,The Naked Tea Party,,,,,